Simulations,Error
1.000000000000000000e+02,8.942786755966722012e+00
2.500000000000000000e+02,3.785583727825525102e+00
5.000000000000000000e+02,6.795424092777295755e-01
7.500000000000000000e+02,5.476293537085723528e-01
1.000000000000000000e+03,2.416111041289639161e-01
2.500000000000000000e+03,1.847640272534704309e+00
5.000000000000000000e+03,3.647740306942637289e-01
7.500000000000000000e+03,8.004400023335733749e-02
1.000000000000000000e+04,7.382590277904910181e-02
